<?xml version="1.0" encoding="UTF-8"?>

<b:beans
        xmlns:b="http://www.springframework.org/schema/beans"
        xmlns:xsi="http://www.w3.org/2001/XMLSchema-instance"
        xmlns:context="http://www.springframework.org/schema/context"
        xmlns:tx="http://www.springframework.org/schema/tx"
        xmlns:mvc="http://www.springframework.org/schema/mvc"
        xmlns="http://www.springframework.org/schema/security"


        xsi:schemaLocation="http://www.springframework.org/schema/beans
                      http://www.springframework.org/schema/beans/spring-beans.xsd
                      http://www.springframework.org/schema/security
                      http://www.springframework.org/schema/security/spring-security.xsd
                      http://www.springframework.org/schema/context
                      http://www.springframework.org/schema/context/spring-context.xsd
                      http://www.springframework.org/schema/tx
                      http://www.springframework.org/schema/tx/spring-tx.xsd">

    <b:bean id="dataSource" class="org.springframework.jdbc.datasource.DriverManagerDataSource">
        <b:property name="driverClassName" value="org.apache.derby.jdbc.ClientDriver"/>
        <b:property name="url" value="jdbc:derby://localhost:1527/s380fProject"/>
        <b:property name="username" value="nbuser"/>
        <b:property name="password" value="nbuser"/>
    </b:bean>

    <b:bean id="transactionManager"
            class="org.springframework.jdbc.datasource.DataSourceTransactionManager">
        <b:property name="dataSource" ref="dataSource" />
    </b:bean>

    <b:bean id="httpServletRequest" class="org.springframework.web.context.support.HttpRequestHandlerServlet"/>

    <b:bean id="multipartResolver" class="org.springframework.web.multipart.commons.CommonsMultipartResolver">
        <b:property name="maxUploadSize" value="268435678" />
        <b:property name="uploadTempDir" value="TMP" />
    </b:bean>

    <tx:annotation-driven transaction-manager="transactionManager" />

    <context:component-scan base-package="hkmu.comp380f.webApplicationProject.dao"/>

</b:beans>