<?xml version="1.0" encoding="UTF-8"?>
<beans xmlns="http://www.springframework.org/schema/beans"
       xmlns:xsi="http://www.w3.org/2001/XMLSchema-instance"
       xmlns:context="http://www.springframework.org/schema/context"
       xmlns:mvc="http://www.springframework.org/schema/mvc"

       xsi:schemaLocation="
        http://www.springframework.org/schema/beans 
        http://www.springframework.org/schema/beans/spring-beans.xsd
        http://www.springframework.org/schema/context
        http://www.springframework.org/schema/context/spring-context.xsd
        http://www.springframework.org/schema/mvc
        http://www.springframework.org/schema/mvc/spring-mvc.xsd
    ">

    <context:component-scan base-package="hkmu.comp380f.webApplicationProject.controller" />
    <context:component-scan base-package="hkmu.comp380f.webApplicationProject.component" />
    <context:component-scan base-package="hkmu.comp380f.webApplicationProject.dao" />
    <context:component-scan base-package="hkmu.comp380f.webApplicationProject.services" />

    <mvc:annotation-driven />

    <bean id="jspViewResolver"
          class="org.springframework.web.servlet.view.InternalResourceViewResolver" >
        <property name="prefix" value="/WEB-INF/jsp/view/" />
        <property name="suffix" value=".jsp" />
    </bean>
</beans>
